{"cameras": {"Camera0": {"aspect": 1, "width": 0.024, "resolution": 720, "frame": [0.5485071394864012, -0.8360391272688139, -0.013360224850112594, -0.2826549400883279, -0.1703587345517299, -0.943972502992326, 0.7869219165686704, 0.5215519909247143, -0.3297535716051571, 0.0004977633506160579, 0.026473753251172905, 0.7046530279528145], "lens": 0.035}, "Camera1": {"aspect": 1, "width": 0.024, "resolution": 720, "frame": [0.9858197883552333, -0.16727477209289526, -0.013360221125154783, -0.06760436568099987, -0.32302563868300765, -0.9439725030393125, 0.15358709134596152, 0.9314899824338989, -0.32975357162157065, 0.017760819038082222, 0.030739163508845035, 0.6917431806728408], "lens": 0.035}, "Camera2": {"aspect": 1, "width": 0.024, "resolution": 720, "frame": [0.8212573956462068, 0.5704014328635403, -0.01336022019391533, 0.17776620433145432, -0.2780559117895285, -0.9439725030510591, -0.5421581565318347, 0.772869403784439, -0.329753571625674, 0.02336910117675811, 0.03727058644753864, 0.6728187108025042], "lens": 0.035}, "Camera3": {"aspect": 1, "width": 0.024, "resolution": 720, "frame": [0.2058424553593537, 0.9784939386697054, -0.013360222987633688, 0.3201229917878836, -0.08023206141452294, -0.9439725030158193, -0.9247432907031049, 0.1900327032587366, -0.3297535716133638, 0.021196864306174505, 0.04882200667394704, 0.6398389268443813], "lens": 0.035}, "Camera4": {"aspect": 1, "width": 0.024, "resolution": 720, "frame": [-0.5500741552425182, 0.8350089390094678, -0.013360221125154783, 0.28233493547164834, 0.17088855350173546, -0.9439725030393125, -0.7859423693544269, -0.5230269343507727, -0.32975357162157065, 0.00447880611381963, 0.053471758168293776, 0.6272056123700915], "lens": 0.035}, "Camera5": {"aspect": 1, "width": 0.024, "resolution": 720, "frame": [-0.9871296749050792, 0.15936282341854072, -0.013360218331436425, 0.06501142678532612, 0.3235574567623203, -0.9439725030745523, -0.14611132505431884, -0.9326918369352067, -0.3297535716338808, -0.006864487174546699, 0.04952400783324995, 0.6389662632825488], "lens": 0.035}, "Camera6": {"aspect": 1, "width": 0.024, "resolution": 720, "frame": [-0.8098410131963703, -0.5864972616612084, -0.013360217400196973, -0.18321881652917837, 0.27449367695201093, -0.9439725030862988, 0.5573045833426491, -0.7620198051082854, -0.32975357163798413, -0.013774596705526575, 0.039825778996627176, 0.6670089675979984], "lens": 0.035}, "Camera7": {"aspect": 1, "width": 0.024, "resolution": 720, "frame": [-0.16318119146500376, -0.9865056530085018, -0.013360214606478616, -0.32330348250648583, 0.06626289723242829, -0.9439725031215386, 0.9321194971414557, -0.14971915386026607, -0.3297535716502943, -0.0016635812021104802, 0.035458418077431275, 0.6790205518388638], "lens": 0.035}, "Camera8": {"aspect": 1, "width": 0.024, "resolution": 720, "frame": [1.0, 0.0, 0.0, 0.0, -1.0, 1.2246467991473532e-16, 0.0, -1.2246467991473532e-16, -1.0, -0.0, -6.735557541299718e-17, 0.550000011920929], "lens": 0.035}}}