{
    "cameras": {
        "camera00": {
            "aspect": 1.3333333730697632,
            "frame": [
                1.0,
                0.0,
                0.0,
                0.0,
                1.0,
                0.0,
                0.0,
                0.0,
                1.0,
                0.0,
                0.0,
                2.0
            ],
            "lens": 0.03500000014901161,
            "max_depth": 4.199999809265137,
            "resolution": 640,
            "width": 0.024000000208616257
        },
        "camera01": {
            "aspect": 1.3333333730697632,
            "frame": [
                1.0,
                0.0,
                0.0,
                0.0,
                1.0,
                0.0,
                0.0,
                0.0,
                1.0,
                0.10000000149011612,
                0.10000000149011612,
                1.9500000476837158
            ],
            "lens": 0.03500000014901161,
            "max_depth": 4.199999809265137,
            "resolution": 640,
            "width": 0.024000000208616257
        },
        "camera02": {
            "aspect": 1.3333333730697632,
            "frame": [
                1.0,
                0.0,
                0.0,
                0.0,
                1.0,
                0.0,
                0.0,
                0.0,
                1.0,
                -0.10000000149011612,
                0.10000000149011612,
                1.9500000476837158
            ],
            "lens": 0.03500000014901161,
            "max_depth": 4.199999809265137,
            "resolution": 640,
            "width": 0.024000000208616257
        },
        "camera03": {
            "aspect": 1.3333333730697632,
            "frame": [
                1.0,
                0.0,
                0.0,
                0.0,
                1.0,
                0.0,
                0.0,
                0.0,
                1.0,
                0.0,
                0.10000000149011612,
                1.9500000476837158
            ],
            "lens": 0.03500000014901161,
            "max_depth": 4.199999809265137,
            "resolution": 640,
            "width": 0.024000000208616257
        },
        "camera04": {
            "aspect": 1.3333333730697632,
            "frame": [
                1.0,
                0.0,
                0.0,
                0.0,
                1.0,
                0.0,
                0.0,
                0.0,
                1.0,
                0.10000000149011612,
                -0.10000000149011612,
                1.9500000476837158
            ],
            "lens": 0.03500000014901161,
            "max_depth": 4.199999809265137,
            "resolution": 640,
            "width": 0.024000000208616257
        },
        "camera05": {
            "aspect": 1.3333333730697632,
            "frame": [
                1.0,
                0.0,
                0.0,
                0.0,
                1.0,
                0.0,
                0.0,
                0.0,
                1.0,
                -0.10000000149011612,
                -0.10000000149011612,
                1.9500000476837158
            ],
            "lens": 0.03500000014901161,
            "max_depth": 4.199999809265137,
            "resolution": 640,
            "width": 0.024000000208616257
        },
        "camera06": {
            "aspect": 1.3333333730697632,
            "frame": [
                1.0,
                0.0,
                0.0,
                0.0,
                1.0,
                0.0,
                0.0,
                0.0,
                1.0,
                0.0,
                -0.10000000149011612,
                1.9500000476837158
            ],
            "lens": 0.03500000014901161,
            "max_depth": 4.199999809265137,
            "resolution": 640,
            "width": 0.024000000208616257
        },
        "camera07": {
            "aspect": 1.3333333730697632,
            "frame": [
                1.0,
                0.0,
                0.0,
                0.0,
                1.0,
                0.0,
                0.0,
                0.0,
                1.0,
                -0.10000000149011612,
                0.0,
                1.9500000476837158
            ],
            "lens": 0.03500000014901161,
            "max_depth": 4.199999809265137,
            "resolution": 640,
            "width": 0.024000000208616257
        },
        "camera08": {
            "aspect": 1.3333333730697632,
            "frame": [
                1.0,
                0.0,
                0.0,
                0.0,
                1.0,
                0.0,
                0.0,
                0.0,
                1.0,
                0.10000000149011612,
                0.0,
                1.9500000476837158
            ],
            "lens": 0.03500000014901161,
            "max_depth": 4.199999809265137,
            "resolution": 640,
            "width": 0.024000000208616257
        },
        "camera09": {
            "aspect": 1.3333333730697632,
            "frame": [
                1.0,
                0.0,
                0.0,
                0.0,
                1.0,
                0.0,
                0.0,
                0.0,
                1.0,
                0.05000000074505806,
                0.05000000074505806,
                1.9500000476837158
            ],
            "lens": 0.03500000014901161,
            "max_depth": 4.199999809265137,
            "resolution": 640,
            "width": 0.024000000208616257
        },
        "camera10": {
            "aspect": 1.3333333730697632,
            "frame": [
                1.0,
                0.0,
                0.0,
                0.0,
                1.0,
                0.0,
                0.0,
                0.0,
                1.0,
                -0.05000000074505806,
                0.05000000074505806,
                1.9500000476837158
            ],
            "lens": 0.03500000014901161,
            "max_depth": 4.199999809265137,
            "resolution": 640,
            "width": 0.024000000208616257
        },
        "camera11": {
            "aspect": 1.3333333730697632,
            "frame": [
                1.0,
                0.0,
                0.0,
                0.0,
                1.0,
                0.0,
                0.0,
                0.0,
                1.0,
                0.0,
                0.05000000074505806,
                1.9500000476837158
            ],
            "lens": 0.03500000014901161,
            "max_depth": 4.199999809265137,
            "resolution": 640,
            "width": 0.024000000208616257
        },
        "camera12": {
            "aspect": 1.3333333730697632,
            "frame": [
                1.0,
                0.0,
                0.0,
                0.0,
                1.0,
                0.0,
                0.0,
                0.0,
                1.0,
                0.05000000074505806,
                -0.05000000074505806,
                1.9500000476837158
            ],
            "lens": 0.03500000014901161,
            "max_depth": 4.199999809265137,
            "resolution": 640,
            "width": 0.024000000208616257
        },
        "camera13": {
            "aspect": 1.3333333730697632,
            "frame": [
                1.0,
                0.0,
                0.0,
                0.0,
                1.0,
                0.0,
                0.0,
                0.0,
                1.0,
                -0.05000000074505806,
                -0.05000000074505806,
                1.9500000476837158
            ],
            "lens": 0.03500000014901161,
            "max_depth": 4.199999809265137,
            "resolution": 640,
            "width": 0.024000000208616257
        },
        "camera14": {
            "aspect": 1.3333333730697632,