{
    "cameras": {
        "camera0": {
            "aspect": 1.3333333730697632,
            "frame": [
                1.0,
                0.0,
                0.0,
                0.0,
                1.0,
                0.0,
                0.0,
                0.0,
                1.0,
                0.0,
                0.0,
                2.0
            ],
            "lens": 0.03500000014901161,
            "max_depth": 4.199999809265137,
            "resolution": 640,
            "width": 0.024000000208616257
        },
        "camera1": {
            "aspect": 1.3333333730697632,
            "frame": [
                1.0,
                0.0,
                0.0,
                0.0,
                1.0,
                0.0,
                0.0,
                0.0,
                1.0,
                0.10000000149011612,
                0.10000000149011612,
                1.9500000476837158
            ],
            "lens": 0.03500000014901161,
            "max_depth": 4.199999809265137,
            "resolution": 640,
            "width": 0.024000000208616257
        },
        "camera2": {
            "aspect": 1.3333333730697632,
            "frame": [
                1.0,
                0.0,
                0.0,
                0.0,
                1.0,
                0.0,
                0.0,
                0.0,
                1.0,
                -0.10000000149011612,
                0.10000000149011612,
                1.9500000476837158
            ],
            "lens": 0.03500000014901161,
            "max_depth": 4.199999809265137,
            "resolution": 640,
            "width": 0.024000000208616257
        },
        "camera3": {
            "aspect": 1.3333333730697632,
            "frame": [
                1.0,
                0.0,
                0.0,
                0.0,
                1.0,
                0.0,
                0.0,
                0.0,
                1.0,
                0.0,
                0.10000000149011612,
                1.9500000476837158
            ],
            "lens": 0.03500000014901161,
            "max_depth": 4.199999809265137,
            "resolution": 640,
            "width": 0.024000000208616257
        },
        "camera4": {
            "aspect": 1.3333333730697632,
            "frame": [
                1.0,
                0.0,
                0.0,
                0.0,
                1.0,
                0.0,
                0.0,
                0.0,
                1.0,
                0.10000000149011612,
                -0.10000000149011612,
                1.9500000476837158
            ],
            "lens": 0.03500000014901161,
            "max_depth": 4.199999809265137,
            "resolution": 640,
            "width": 0.024000000208616257
        },
        "camera5": {
            "aspect": 1.3333333730697632,
            "frame": [
                1.0,
                0.0,
                0.0,
                0.0,
                1.0,
                0.0,
                0.0,
                0.0,
                1.0,
                -0.10000000149011612,
                -0.10000000149011612,
                1.9500000476837158
            ],
            "lens": 0.03500000014901161,
            "max_depth": 4.199999809265137,
            "resolution": 640,
            "width": 0.024000000208616257
        },
        "camera6": {
            "aspect": 1.3333333730697632,
            "frame": [
                1.0,
                0.0,
                0.0,
                0.0,
                1.0,
                0.0,
                0.0,
                0.0,
                1.0,
                0.0,
                -0.10000000149011612,
                1.9500000476837158
            ],
            "lens": 0.03500000014901161,
            "max_depth": 4.199999809265137,
            "resolution": 640,
            "width": 0.024000000208616257
        },
        "camera7": {
            "aspect": 1.3333333730697632,
            "frame": [
                1.0,
                0.0,
                0.0,
                0.0,
                1.0,
                0.0,
                0.0,
                0.0,
                1.0,
                -0.10000000149011612,
                0.0,
                1.9500000476837158
            ],
            "lens": 0.03500000014901161,
            "max_depth": 4.199999809265137,
            "resolution": 640,
            "width": 0.024000000208616257
        },
        "camera8": {
            "aspect": 1.3333333730697632,
            "frame": [
                1.0,
                0.0,
                0.0,
                0.0,
                1.0,
                0.0,
                0.0,
                0.0,
                1.0,
                0.10000000149011612,
                0.0,
                1.9500000476837158
            ],
            "lens": 0.03500000014901161,
            "max_depth": 4.199999809265137,
            "resolution": 640,
            "width": 0.024000000208616257
        }
    }
}
